{"cameraMode":{"drawMode":0,"name":"Shaded","section":"Shading Mode"},"sceneLighting":false,"audioPlay":false,"sceneViewState":{"showFog":false,"showMaterialUpdate":false,"showSkybox":false,"showFlares":false,"showImageEffects":false,"showParticleSystems":false},"in2DMode":false,"pivot":{"x":-0.628713071346283,"y":1.2437758445739747,"z":-2.131807804107666},"rotation":{"x":0.26610222458839419,"y":0.01879621110856533,"z":-0.00518841203302145,"w":0.9637514352798462},"size":3.9503729343414308,"orthographic":true}